Model,Input,Preproc_mean_ms,Preproc_std_ms,Inference_mean_ms,Inference_std_ms,Total_ms
KOL-3-FREQ (DFT) — Ours,DFT,1.748,0.069,31.567,0.121,33.315
KOL-3-FREQ (RGB ablation),RGB,1.675,0.261,112.498,0.574,114.172
F3NET [8],DFT+RGB,6.329,15.881,685.702,2.445,692.031
FREPGAN [4],DFT,4.552,1.934,186.349,2.981,190.901
3DCNN [5],DFT,8.997,2.919,955.352,8.424,964.349
ENSCNN [7],DFT,4.024,0.352,678.133,1.048,682.157
XCEPTION [16],RGB,8.732,11.396,420.009,1.282,428.741
GAZENET [11],RGB,13.702,13.444,309.126,2.937,322.829
SINGLE-KAN [49],RGB,3.770,3.196,113.757,1.175,117.527
